transaction_id,user_id,amount,transaction_date,merchant_name,category
1,1070,337.78,2025-12-16 14:18:11.990606,Mama Ngina Groceries,Groceries
2,1126,91.78,2025-12-16 14:28:11.990606,Shell Petrol,Fuel
3,1173,11797.96,2025-12-16 15:00:11.990606,Safaricom Airtime,Airtime
4,1029,19.3,2025-12-16 16:18:11.990606,KenGen Electricity,
5,1017,4234.25,2025-12-16 16:52:11.990606,Safaricom Airtime,Airtime
6,1161,389.0,2025-12-16 16:56:11.990606,Uber Kenya,
7,1009,44934.02,2025-12-16 19:09:11.990606,Mama Ngina Groceries,Groceries
8,1059,3693.09,2025-12-16 19:35:11.990606,Equity Bank,Banking
9,1140,1601.91,2025-12-16 20:20:11.990606,Naivas Supermarket,Groceries
10,1035,207.43,2025-12-16 21:26:11.990606,Uber Kenya,Transport
11,1141,541.79,2025-12-16 23:07:11.990606,Mama Ngina Groceries,Groceries
12,1006,42.92,2025-12-16 23:50:11.990606,Mama Ngina Groceries,Groceries
13,1184,409.54,2025-12-17 01:06:11.990606,Nairobi Water,Utilities
14,1027,2049.55,2025-12-17 04:11:11.990606,Nairobi Water,Utilities
15,1182,437.68,2025-12-17 06:12:11.990606,Carrefour,
16,1084,1349.9,2025-12-17 06:16:11.990606,Kilimall,Shopping
17,1086,100.08,2025-12-17 06:18:11.990606,Safaricom Airtime,Airtime
18,1126,3966.05,2025-12-17 06:32:11.990606,Zuku Internet,
19,1131,1140.3,2025-12-17 10:47:11.990606,M-KOPA Solar,Energy
20,1047,1578.15,2025-12-17 10:56:11.990606,Kilimall,Shopping
21,1123,249.8,2025-12-17 12:27:11.990606,Uber Kenya,Transport
22,1060,1134.05,2025-12-17 13:06:11.990606,Zuku Internet,Utilities
23,1038,905.69,2025-12-17 14:11:11.990606,Nairobi Water,Utilities
24,1115,152.5,2025-12-17 14:57:11.990606,Uber Kenya,Transport
25,1114,337.48,2025-12-17 15:26:11.990606,Glovo Food,Food
26,1127,5403.69,2025-12-17 16:29:11.990606,Nairobi Water,Utilities
27,1099,443.98,2025-12-17 16:32:11.990606,Carrefour,Shopping
28,1184,5177.84,2025-12-17 17:01:11.990606,Safaricom Airtime,Airtime
29,1197,20823.12,2025-12-17 18:20:11.990606,Shell Petrol,Fuel
30,1164,4341.63,2025-12-17 19:29:11.990606,KenGen Electricity,Utilities
31,1154,226.26,2025-12-17 19:47:11.990606,Naivas Supermarket,Groceries
32,1041,711.19,2025-12-17 20:42:11.990606,Shell Petrol,Fuel
33,1002,106.45,2025-12-17 20:46:11.990606,Safaricom Airtime,Airtime
34,1033,1048.32,2025-12-17 20:48:11.990606,Equity Bank,Banking
35,1170,1708.38,2025-12-17 20:50:11.990606,Carrefour,Shopping
36,1161,277.14,2025-12-17 20:53:11.990606,Shell Petrol,Fuel
37,1054,84.21,2025-12-17 21:41:11.990606,Glovo Food,Food
38,1113,172.15,2025-12-17 22:16:11.990606,Zuku Internet,Utilities
39,1050,13.02,2025-12-17 23:05:11.990606,Mama Ngina Groceries,Groceries
40,1003,4321.82,2025-12-18 00:41:11.990606,Shell Petrol,Fuel
41,1012,87.04,2025-12-18 06:43:11.990606,Nairobi Water,Utilities
42,1087,288.99,2025-12-18 07:42:11.990606,KenGen Electricity,Utilities
43,1012,858.46,2025-12-18 10:05:11.990606,Carrefour,Shopping
44,1176,165.28,2025-12-18 10:48:11.990606,Nairobi Water,Utilities
45,1111,348.64,2025-12-18 10:49:11.990606,Glovo Food,Food
46,1164,12.07,2025-12-18 11:19:11.990606,Carrefour,Shopping
47,1099,158.25,2025-12-18 12:41:11.990606,Equity Bank,Banking
48,1095,48.94,2025-12-18 12:53:11.990606,Jumia,Shopping
49,1117,634.98,2025-12-18 13:42:11.990606,Jumia,Shopping
50,1030,50.3,2025-12-18 16:16:11.990606,Glovo Food,Food
51,1200,1716.62,2025-12-18 18:34:11.990606,Naivas Supermarket,Groceries
52,1200,1223.69,2025-12-18 20:29:11.990606,M-KOPA Solar,Energy
53,1158,435.05,2025-12-18 20:54:11.990606,Jumia,Shopping
54,1052,109.26,2025-12-18 22:50:11.990606,Java House,Food
55,1180,1248.02,2025-12-18 23:09:11.990606,Zuku Internet,Utilities
56,1039,825.1,2025-12-18 23:11:11.990606,Kilimall,Shopping
57,1096,630.58,2025-12-19 00:16:11.990606,M-KOPA Solar,Energy
58,1029,202.89,2025-12-19 01:20:11.990606,KenGen Electricity,Utilities
59,1188,2968.04,2025-12-19 01:34:11.990606,Carrefour,Shopping
60,1076,1148.95,2025-12-19 03:09:11.990606,Uber Kenya,Transport
61,1105,3883.51,2025-12-19 04:00:11.990606,Uber Kenya,Transport
62,1163,3237.22,2025-12-19 06:20:11.990606,Mama Ngina Groceries,Groceries
63,1035,257.43,2025-12-19 06:47:11.990606,Safaricom Airtime,Airtime
64,1130,906.29,2025-12-19 08:37:11.990606,Mama Ngina Groceries,Groceries
65,1129,924.07,2025-12-19 08:51:11.990606,Zuku Internet,Utilities
66,1173,153.78,2025-12-19 10:45:11.990606,Jumia,Shopping
67,1124,162.89,2025-12-19 16:49:11.990606,Mama Ngina Groceries,Groceries
68,1141,4612.72,2025-12-19 17:32:11.990606,M-KOPA Solar,Energy
69,1189,9639.59,2025-12-19 17:42:11.990606,Jumia,Shopping
70,1187,704.43,2025-12-19 18:27:11.990606,Kilimall,Shopping
71,1026,187.32,2025-12-19 19:15:11.990606,Safaricom Airtime,Airtime
72,1129,99.01,2025-12-19 19:29:11.990606,Shell Petrol,Fuel
73,1191,1640.67,2025-12-19 19:39:11.990606,Nairobi Water,Utilities
74,1188,8066.8,2025-12-19 20:10:11.990606,M-KOPA Solar,Energy
75,1164,374.21,2025-12-19 20:16:11.990606,KenGen Electricity,Utilities
76,1112,64.82,2025-12-19 20:20:11.990606,Java House,Food
77,1071,1919.82,2025-12-19 20:33:11.990606,Equity Bank,
78,1092,2219.21,2025-12-19 20:34:11.990606,Naivas Supermarket,Groceries
79,1086,2318.95,2025-12-19 20:40:11.990606,Kilimall,Shopping
80,1030,5562.83,2025-12-19 20:44:11.990606,Naivas Supermarket,Groceries
81,1147,861.7,2025-12-19 21:58:11.990606,Zuku Internet,Utilities
82,1111,221.95,2025-12-19 23:28:11.990606,Zuku Internet,Utilities
83,1012,4049.78,2025-12-20 00:54:11.990606,Safaricom Airtime,Airtime
84,1168,657.01,2025-12-20 01:31:11.990606,Uber Kenya,Transport
85,1199,30.59,2025-12-20 03:25:11.990606,Uber Kenya,Transport
86,1139,163.37,2025-12-20 09:05:11.990606,Nairobi Water,Utilities
87,1001,364.75,2025-12-20 10:57:11.990606,Glovo Food,Food
88,1033,176.6,2025-12-20 11:20:11.990606,Equity Bank,Banking
89,1122,301.46,2025-12-20 12:55:11.990606,Uber Kenya,
90,1067,4514.73,2025-12-20 13:30:11.990606,Zuku Internet,Utilities
91,1117,882.87,2025-12-20 13:48:11.990606,Glovo Food,Food
92,1135,57.0,2025-12-20 15:01:11.990606,Uber Kenya,Transport
93,1090,267.45,2025-12-20 15:54:11.990606,Kilimall,
94,1063,548.35,2025-12-20 16:04:11.990606,Zuku Internet,Utilities
95,1122,489.78,2025-12-20 17:17:11.990606,Glovo Food,Food
96,1005,441.44,2025-12-20 18:22:11.990606,KenGen Electricity,Utilities
97,1054,132.3,2025-12-20 18:41:11.990606,Mama Ngina Groceries,
98,1008,317.99,2025-12-20 19:09:11.990606,Zuku Internet,Utilities
99,1109,93.63,2025-12-20 19:20:11.990606,Equity Bank,Banking
100,1138,12857.56,2025-12-20 21:36:11.990606,Naivas Supermarket,Groceries
101,1018,584.37,2025-12-20 22:30:11.990606,Carrefour,Shopping
102,1083,724.59,2025-12-20 22:54:11.990606,Uber Kenya,Transport
103,1046,330.44,2025-12-21 01:28:11.990606,Jumia,
104,1010,214.9,2025-12-21 01:54:11.990606,Nairobi Water,Utilities
105,1153,3238.57,2025-12-21 02:18:11.990606,Zuku Internet,
106,1111,67.37,2025-12-21 02:24:11.990606,Jumia,Shopping
107,1074,603.25,2025-12-21 04:37:11.990606,M-KOPA Solar,Energy
108,1186,34.95,2025-12-21 05:41:11.990606,Zuku Internet,Utilities
109,1131,302.12,2025-12-21 06:27:11.990606,Jumia,Shopping
110,1070,1135.46,2025-12-21 09:23:11.990606,KenGen Electricity,Utilities
111,1047,1813.28,2025-12-21 09:41:11.990606,Glovo Food,Food
112,1026,10.0,2025-12-21 12:12:11.990606,Equity Bank,Banking
113,1051,178.77,2025-12-21 13:03:11.990606,Uber Kenya,Transport
114,1060,157.06,2025-12-21 13:17:11.990606,Kilimall,
115,1160,147.12,2025-12-21 14:18:11.990606,Nairobi Water,Utilities
116,1035,1799.76,2025-12-21 14:32:11.990606,M-KOPA Solar,Energy
117,1082,238.34,2025-12-21 16:49:11.990606,Shell Petrol,
118,1088,211.41,2025-12-21 16:51:11.990606,Mama Ngina Groceries,Groceries
119,1176,193.53,2025-12-21 18:28:11.990606,Safaricom Airtime,
120,1178,197.46,2025-12-21 18:51:11.990606,Kilimall,Shopping
121,1057,878.27,2025-12-21 20:03:11.990606,Carrefour,Shopping
122,1095,6383.13,2025-12-21 20:23:11.990606,Kilimall,
123,1005,152.18,2025-12-21 21:15:11.990606,Naivas Supermarket,Groceries
124,1104,380.8,2025-12-21 21:51:11.990606,Mama Ngina Groceries,Groceries
125,1144,54.48,2025-12-21 23:56:11.990606,Uber Kenya,Transport
126,1166,857.65,2025-12-22 01:18:11.990606,Glovo Food,Food
127,1161,264.83,2025-12-22 04:24:11.990606,M-KOPA Solar,Energy
128,1161,496.59,2025-12-22 06:30:11.990606,Java House,Food
129,1051,113.07,2025-12-22 11:21:11.990606,Shell Petrol,
130,1161,10.0,2025-12-22 12:29:11.990606,Uber Kenya,Transport
131,1103,147.13,2025-12-22 12:30:11.990606,Java House,Food
132,1092,52.67,2025-12-22 12:51:11.990606,KenGen Electricity,Utilities
133,1178,117.04,2025-12-22 13:17:11.990606,Kilimall,Shopping
134,1192,504.6,2025-12-22 15:41:11.990606,Shell Petrol,Fuel
135,1007,10.75,2025-12-22 16:16:11.990606,Carrefour,Shopping
136,1108,512.5,2025-12-22 16:26:11.990606,Safaricom Airtime,Airtime
137,1190,1364.91,2025-12-22 16:53:11.990606,Kilimall,Shopping
138,1189,396.69,2025-12-22 17:00:11.990606,Carrefour,Shopping
139,1169,311.73,2025-12-22 19:34:11.990606,KenGen Electricity,Utilities
140,1022,346.81,2025-12-22 20:36:11.990606,Naivas Supermarket,Groceries
141,1067,443.82,2025-12-22 21:44:11.990606,Nairobi Water,Utilities
142,1163,67.85,2025-12-23 00:25:11.990606,Equity Bank,Banking
143,1193,56.35,2025-12-23 01:29:11.990606,Java House,Food
144,1132,3055.07,2025-12-23 02:40:11.990606,Shell Petrol,Fuel
145,1114,858.96,2025-12-23 03:54:11.990606,Equity Bank,Banking
146,1165,10.0,2025-12-23 05:16:11.990606,Uber Kenya,
147,1020,1746.46,2025-12-23 09:28:11.990606,Java House,Food
148,1188,587.15,2025-12-23 11:26:11.990606,Naivas Supermarket,Groceries
149,1015,412.12,2025-12-23 15:50:11.990606,Uber Kenya,Transport
150,1106,98.94,2025-12-23 17:18:11.990606,Naivas Supermarket,Groceries
151,1015,68.95,2025-12-23 18:03:11.990606,Jumia,Shopping
152,1142,945.56,2025-12-23 18:31:11.990606,Uber Kenya,
153,1081,11244.47,2025-12-23 18:45:11.990606,Glovo Food,Food
154,1195,80.24,2025-12-23 20:58:11.990606,Kilimall,
155,1052,232.65,2025-12-23 21:24:11.990606,Naivas Supermarket,Groceries
156,1194,507.29,2025-12-23 21:30:11.990606,Kilimall,Shopping
157,1158,1124.82,2025-12-23 21:37:11.990606,Equity Bank,
158,1021,583.24,2025-12-23 22:20:11.990606,Naivas Supermarket,Groceries
159,1021,316.77,2025-12-23 22:48:11.990606,Mama Ngina Groceries,Groceries
160,1051,1698.3,2025-12-23 23:51:11.990606,Java House,Food
161,1190,213.15,2025-12-24 01:04:11.990606,Equity Bank,Banking
162,1143,3211.06,2025-12-24 01:53:11.990606,KenGen Electricity,Utilities
163,1124,68.93,2025-12-24 02:13:11.990606,Equity Bank,
164,1110,1081.69,2025-12-24 04:02:11.990606,Equity Bank,Banking
165,1146,344.09,2025-12-24 04:25:11.990606,Java House,Food
166,1090,2380.63,2025-12-24 04:58:11.990606,KenGen Electricity,Utilities
167,1006,228.23,2025-12-24 06:58:11.990606,Kilimall,Shopping
168,1104,2827.83,2025-12-24 09:16:11.990606,Jumia,Shopping
169,1119,670.68,2025-12-24 10:59:11.990606,Zuku Internet,Utilities
170,1003,548.69,2025-12-24 11:42:11.990606,Glovo Food,Food
171,1154,164.39,2025-12-24 13:31:11.990606,Equity Bank,Banking
172,1021,120.42,2025-12-24 14:07:11.990606,Equity Bank,Banking
173,1099,137.82,2025-12-24 15:15:11.990606,Java House,
174,1080,515.61,2025-12-24 15:27:11.990606,Equity Bank,
175,1086,373.37,2025-12-24 16:50:11.990606,Safaricom Airtime,
176,1063,1435.14,2025-12-24 17:41:11.990606,Safaricom Airtime,Airtime
177,1047,1927.37,2025-12-24 19:00:11.990606,Uber Kenya,Transport
178,1126,1677.85,2025-12-24 19:59:11.990606,Carrefour,Shopping
179,1103,360.58,2025-12-24 20:51:11.990606,KenGen Electricity,Utilities
180,1134,289.37,2025-12-24 21:35:11.990606,Uber Kenya,Transport
181,1024,200.99,2025-12-24 22:09:11.990606,Nairobi Water,Utilities
182,1142,132.98,2025-12-24 23:39:11.990606,Carrefour,
183,1135,1099.0,2025-12-25 02:07:11.990606,Glovo Food,Food
184,1187,531.48,2025-12-25 02:17:11.990606,Glovo Food,
185,1195,127.27,2025-12-25 03:43:11.990606,Safaricom Airtime,Airtime
186,1111,47177.07,2025-12-25 03:46:11.990606,Zuku Internet,Utilities
187,1111,47177.07,2025-12-25 03:46:41.990606,Zuku Internet,Utilities
188,1130,118.85,2025-12-25 04:36:11.990606,Shell Petrol,Fuel
189,1104,84.03,2025-12-25 06:00:11.990606,KenGen Electricity,Utilities
190,1048,235.03,2025-12-25 09:11:11.990606,Mama Ngina Groceries,Groceries
191,1096,35.95,2025-12-25 09:16:11.990606,Equity Bank,Banking
192,1024,102.02,2025-12-25 10:09:11.990606,Carrefour,Shopping
193,1162,29.62,2025-12-25 19:59:11.990606,Naivas Supermarket,Groceries
194,1085,41817.64,2025-12-25 20:38:11.990606,Zuku Internet,Utilities
195,1190,1111.77,2025-12-25 20:55:11.990606,Naivas Supermarket,Groceries
196,1164,2084.27,2025-12-25 22:28:11.990606,Equity Bank,Banking
197,1110,1205.1,2025-12-25 22:52:11.990606,Zuku Internet,Utilities
198,1010,145.03,2025-12-25 23:56:11.990606,Jumia,Shopping
199,1132,2544.34,2025-12-26 01:02:11.990606,KenGen Electricity,Utilities
200,1137,160.37,2025-12-26 02:44:11.990606,Jumia,Shopping
201,1060,231.52,2025-12-26 02:44:11.990606,Equity Bank,Banking
202,1099,470.22,2025-12-26 03:54:11.990606,Naivas Supermarket,Groceries
203,1064,1059.66,2025-12-26 04:47:11.990606,Uber Kenya,Transport
204,1192,6441.2,2025-12-26 06:34:11.990606,Java House,Food
205,1003,2468.56,2025-12-26 06:59:11.990606,Shell Petrol,Fuel
206,1099,1559.64,2025-12-26 07:09:11.990606,Shell Petrol,Fuel
207,1061,634.92,2025-12-26 07:34:11.990606,KenGen Electricity,
208,1007,1813.34,2025-12-26 09:20:11.990606,Jumia,
209,1081,1130.31,2025-12-26 09:36:11.990606,Mama Ngina Groceries,Groceries
210,1161,124.82,2025-12-26 10:15:11.990606,Shell Petrol,
211,1086,12.92,2025-12-26 10:50:11.990606,Glovo Food,
212,1103,3711.35,2025-12-26 13:25:11.990606,Mama Ngina Groceries,
213,1025,178.77,2025-12-26 14:47:11.990606,Zuku Internet,Utilities
214,1033,224.99,2025-12-26 15:18:11.990606,M-KOPA Solar,Energy
215,1190,285.42,2025-12-26 15:21:11.990606,M-KOPA Solar,Energy
216,1002,3140.0,2025-12-26 17:22:11.990606,Zuku Internet,Utilities
217,1093,166.51,2025-12-26 17:58:11.990606,KenGen Electricity,Utilities
218,1048,167.18,2025-12-26 19:59:11.990606,Jumia,Shopping
219,1160,535.19,2025-12-26 20:14:11.990606,Naivas Supermarket,Groceries
220,1089,502.39,2025-12-26 22:12:11.990606,Jumia,Shopping
221,1001,218.29,2025-12-26 22:53:11.990606,Kilimall,Shopping
222,1047,1247.7,2025-12-27 00:03:11.990606,Jumia,
223,1109,47.5,2025-12-27 00:37:11.990606,Naivas Supermarket,Groceries
224,1006,53.95,2025-12-27 02:21:11.990606,Equity Bank,
225,1170,10.0,2025-12-27 03:21:11.990606,Zuku Internet,Utilities
226,1071,1265.06,2025-12-27 03:26:11.990606,Glovo Food,Food
227,1151,1954.08,2025-12-27 03:58:11.990606,Glovo Food,Food
228,1139,248.42,2025-12-27 05:03:11.990606,Nairobi Water,Utilities
229,1046,1318.14,2025-12-27 05:24:11.990606,Mama Ngina Groceries,Groceries
230,1132,1050.42,2025-12-27 08:55:11.990606,Kilimall,Shopping
231,1085,419.55,2025-12-27 10:15:11.990606,Safaricom Airtime,Airtime
232,1099,265.27,2025-12-27 11:16:11.990606,Zuku Internet,Utilities
233,1114,96.98,2025-12-27 11:27:11.990606,Glovo Food,Food
234,1200,13.91,2025-12-27 12:43:11.990606,Naivas Supermarket,
235,1155,28.0,2025-12-27 14:14:11.990606,Jumia,Shopping
236,1128,913.24,2025-12-27 18:13:11.990606,Mama Ngina Groceries,Groceries
237,1090,879.9,2025-12-27 18:32:11.990606,Safaricom Airtime,Airtime
238,1152,3088.02,2025-12-27 18:48:11.990606,Nairobi Water,Utilities
239,1003,442.46,2025-12-27 18:57:11.990606,Mama Ngina Groceries,Groceries
240,1142,82.35,2025-12-27 20:48:11.990606,Equity Bank,Banking
241,1038,172.3,2025-12-28 01:09:11.990606,Shell Petrol,Fuel
242,1129,24.02,2025-12-28 01:34:11.990606,Glovo Food,Food
243,1084,2523.26,2025-12-28 03:18:11.990606,Naivas Supermarket,Groceries
244,1065,142.15,2025-12-28 04:47:11.990606,Shell Petrol,
245,1124,4865.48,2025-12-28 05:18:11.990606,Shell Petrol,Fuel
246,1154,315.7,2025-12-28 05:37:11.990606,Kilimall,Shopping
247,1035,520.34,2025-12-28 05:46:11.990606,Java House,Food
248,1173,1042.04,2025-12-28 05:48:11.990606,M-KOPA Solar,Energy
249,1093,298.55,2025-12-28 08:08:11.990606,Carrefour,Shopping
250,1147,689.72,2025-12-28 10:52:11.990606,Glovo Food,Food
251,1177,5775.15,2025-12-28 10:53:11.990606,Zuku Internet,Utilities
252,1099,233.53,2025-12-28 11:35:11.990606,Carrefour,Shopping
253,1048,16006.71,2025-12-28 12:02:11.990606,Mama Ngina Groceries,Groceries
254,1151,360.09,2025-12-28 15:16:11.990606,Kilimall,Shopping
255,1156,1039.96,2025-12-28 16:38:11.990606,Mama Ngina Groceries,
256,1133,382.97,2025-12-28 16:53:11.990606,Shell Petrol,Fuel
257,1148,825.78,2025-12-28 17:57:11.990606,Java House,
258,1116,427.65,2025-12-28 18:04:11.990606,M-KOPA Solar,Energy
259,1101,476.15,2025-12-28 18:49:11.990606,Kilimall,Shopping
260,1051,324.8,2025-12-28 19:15:11.990606,KenGen Electricity,Utilities
261,1165,3137.1,2025-12-28 19:20:11.990606,Glovo Food,Food
262,1144,8354.9,2025-12-28 20:07:11.990606,Glovo Food,
263,1043,865.24,2025-12-28 20:08:11.990606,Glovo Food,
264,1129,630.15,2025-12-28 22:45:11.990606,Equity Bank,Banking
265,1188,601.2,2025-12-29 00:20:11.990606,Safaricom Airtime,Airtime
266,1117,1358.73,2025-12-29 00:25:11.990606,Kilimall,Shopping
267,1023,462.84,2025-12-29 01:41:11.990606,Mama Ngina Groceries,Groceries
268,1044,177.46,2025-12-29 02:25:11.990606,Carrefour,Shopping
269,1179,67.33,2025-12-29 03:02:11.990606,Mama Ngina Groceries,Groceries
270,1113,1417.35,2025-12-29 04:05:11.990606,Jumia,Shopping
271,1129,27.92,2025-12-29 04:23:11.990606,Zuku Internet,Utilities
272,1032,64.24,2025-12-29 04:31:11.990606,Shell Petrol,Fuel
273,1192,346.29,2025-12-29 04:40:11.990606,Naivas Supermarket,Groceries
274,1085,5280.58,2025-12-29 04:49:11.990606,Nairobi Water,Utilities
275,1141,2945.12,2025-12-29 05:20:11.990606,Glovo Food,Food
276,1034,299.85,2025-12-29 05:55:11.990606,Mama Ngina Groceries,Groceries
277,1179,55.96,2025-12-29 06:03:11.990606,Kilimall,Shopping
278,1058,36.3,2025-12-29 09:25:11.990606,Jumia,Shopping
279,1012,387.03,2025-12-29 09:29:11.990606,Shell Petrol,Fuel
280,1150,25.28,2025-12-29 09:39:11.990606,Shell Petrol,Fuel
281,1025,233.62,2025-12-29 13:17:11.990606,Uber Kenya,
282,1119,1343.17,2025-12-29 13:18:11.990606,Naivas Supermarket,Groceries
283,1147,474.85,2025-12-29 14:49:11.990606,Nairobi Water,Utilities
284,1021,34.57,2025-12-29 15:55:11.990606,Naivas Supermarket,Groceries
285,1131,67.26,2025-12-29 16:43:11.990606,Jumia,Shopping
286,1128,17.68,2025-12-29 17:01:11.990606,Java House,Food
287,1160,2320.99,2025-12-29 21:35:11.990606,Carrefour,Shopping
288,1146,1728.69,2025-12-29 22:11:11.990606,Nairobi Water,Utilities
289,1019,661.15,2025-12-29 23:18:11.990606,Glovo Food,Food
290,1038,1054.55,2025-12-30 00:10:11.990606,Mama Ngina Groceries,
291,1067,2185.39,2025-12-30 01:37:11.990606,Zuku Internet,Utilities
292,1094,249.35,2025-12-30 01:56:11.990606,KenGen Electricity,Utilities
293,1195,797.79,2025-12-30 02:16:11.990606,Uber Kenya,Transport
294,1200,1860.0,2025-12-30 06:59:11.990606,Naivas Supermarket,Groceries
295,1075,15.95,2025-12-30 11:50:11.990606,Zuku Internet,Utilities
296,1143,206.02,2025-12-30 13:09:11.990606,Nairobi Water,Utilities
297,1130,772.57,2025-12-30 13:26:11.990606,Java House,Food
298,1038,581.29,2025-12-30 13:26:11.990606,Uber Kenya,Transport
299,1146,2707.46,2025-12-30 14:26:11.990606,Shell Petrol,Fuel
300,1153,771.46,2025-12-30 15:42:11.990606,Uber Kenya,
301,1036,1000.55,2025-12-30 15:43:11.990606,Nairobi Water,Utilities
302,1185,237.43,2025-12-30 16:08:11.990606,Uber Kenya,Transport
303,1189,12.34,2025-12-30 17:03:11.990606,KenGen Electricity,Utilities
304,1030,15.46,2025-12-30 21:50:11.990606,Zuku Internet,Utilities
305,1130,66.67,2025-12-30 22:10:11.990606,Carrefour,Shopping
306,1008,1325.55,2025-12-30 22:23:11.990606,Equity Bank,Banking
307,1183,626.09,2025-12-30 22:40:11.990606,Mama Ngina Groceries,Groceries
308,1066,713.75,2025-12-30 22:46:11.990606,Uber Kenya,Transport
309,1075,1561.47,2025-12-31 00:28:11.990606,Mama Ngina Groceries,Groceries
310,1115,144.1,2025-12-31 00:29:11.990606,Java House,Food
311,1078,67.08,2025-12-31 02:56:11.990606,Nairobi Water,Utilities
312,1008,78.03,2025-12-31 03:35:11.990606,Glovo Food,Food
313,1089,207.75,2025-12-31 04:38:11.990606,Uber Kenya,Transport
314,1161,12.14,2025-12-31 04:44:11.990606,Uber Kenya,Transport
315,1118,210.14,2025-12-31 04:56:11.990606,Zuku Internet,Utilities
316,1018,1266.83,2025-12-31 07:03:11.990606,Mama Ngina Groceries,Groceries
317,1076,202.26,2025-12-31 07:23:11.990606,KenGen Electricity,Utilities
318,1037,385.13,2025-12-31 07:44:11.990606,Jumia,
319,1173,98.82,2025-12-31 09:00:11.990606,Java House,Food
320,1175,645.14,2025-12-31 10:06:11.990606,Java House,Food
321,1186,808.83,2025-12-31 11:12:11.990606,Shell Petrol,
322,1030,223.27,2025-12-31 11:22:11.990606,KenGen Electricity,Utilities
323,1075,15.48,2025-12-31 12:10:11.990606,Kilimall,
324,1009,555.01,2025-12-31 14:16:11.990606,Zuku Internet,Utilities
325,1037,365.69,2025-12-31 14:33:11.990606,Carrefour,Shopping
326,1109,8723.44,2025-12-31 16:01:11.990606,Java House,Food
327,1187,107.26,2025-12-31 19:31:11.990606,Equity Bank,Banking
328,1160,129.09,2025-12-31 20:33:11.990606,Shell Petrol,Fuel
329,1054,56.54,2025-12-31 21:11:11.990606,Glovo Food,Food
330,1090,150.41,2025-12-31 21:31:11.990606,Java House,
331,1029,35.19,2025-12-31 23:41:11.990606,Mama Ngina Groceries,Groceries
332,1082,290.86,2026-01-01 00:33:11.990606,Carrefour,Shopping
333,1053,1679.4,2026-01-01 03:14:11.990606,Glovo Food,Food
334,1152,68.16,2026-01-01 03:48:11.990606,Glovo Food,
335,1104,3458.96,2026-01-01 05:22:11.990606,Equity Bank,Banking
336,1185,64.5,2026-01-01 05:57:11.990606,Equity Bank,Banking
337,1028,7514.57,2026-01-01 06:19:11.990606,Glovo Food,Food
338,1069,124.21,2026-01-01 07:01:11.990606,Carrefour,Shopping
339,1147,4317.14,2026-01-01 12:02:11.990606,Jumia,Shopping
340,1082,226.77,2026-01-01 12:10:11.990606,Uber Kenya,Transport
341,1121,553.27,2026-01-01 12:43:11.990606,Zuku Internet,
342,1175,24.75,2026-01-01 14:37:11.990606,M-KOPA Solar,Energy
343,1152,193.58,2026-01-01 15:30:11.990606,Zuku Internet,
344,1161,570.19,2026-01-01 15:57:11.990606,Equity Bank,Banking
345,1129,3078.72,2026-01-01 16:31:11.990606,Java House,Food
346,1160,1892.61,2026-01-01 17:18:11.990606,Kilimall,Shopping
347,1069,452.56,2026-01-01 17:19:11.990606,Nairobi Water,Utilities
348,1048,583.56,2026-01-01 18:15:11.990606,Java House,
349,1018,8310.97,2026-01-01 18:25:11.990606,Carrefour,Shopping
350,1001,611.41,2026-01-01 19:40:11.990606,KenGen Electricity,Utilities
351,1151,41.92,2026-01-01 19:44:11.990606,Jumia,Shopping
352,1144,595.16,2026-01-01 20:50:11.990606,Nairobi Water,Utilities
353,1198,401.41,2026-01-01 21:43:11.990606,Shell Petrol,Fuel
354,1080,779.74,2026-01-01 21:55:11.990606,Shell Petrol,Fuel
355,1127,648.79,2026-01-01 23:56:11.990606,Carrefour,Shopping
356,1063,959.8,2026-01-02 00:38:11.990606,Equity Bank,Banking
357,1136,76.32,2026-01-02 00:54:11.990606,M-KOPA Solar,Energy
358,1011,1276.62,2026-01-02 02:03:11.990606,Mama Ngina Groceries,Groceries
359,1161,596.09,2026-01-02 02:45:11.990606,Naivas Supermarket,Groceries
360,1078,634.31,2026-01-02 04:02:11.990606,Naivas Supermarket,Groceries
361,1049,184.97,2026-01-02 04:54:11.990606,KenGen Electricity,Utilities
362,1084,3520.15,2026-01-02 06:20:11.990606,KenGen Electricity,Utilities
363,1025,575.15,2026-01-02 06:25:11.990606,Shell Petrol,Fuel
364,1113,19.73,2026-01-02 08:24:11.990606,Uber Kenya,Transport
365,1084,624.64,2026-01-02 11:07:11.990606,Jumia,Shopping
366,1021,189.51,2026-01-02 11:54:11.990606,Uber Kenya,
367,1046,103.64,2026-01-02 11:57:11.990606,Uber Kenya,Transport
368,1160,246.17,2026-01-02 12:52:11.990606,KenGen Electricity,Utilities
369,1104,154.97,2026-01-02 17:44:11.990606,Jumia,Shopping
370,1168,1534.73,2026-01-02 18:35:11.990606,Equity Bank,Banking
371,1123,101.12,2026-01-02 18:55:11.990606,Java House,Food
372,1048,1887.42,2026-01-02 20:53:11.990606,Mama Ngina Groceries,Groceries
373,1162,156.71,2026-01-03 00:28:11.990606,Carrefour,Shopping
374,1001,553.27,2026-01-03 02:23:11.990606,Jumia,Shopping
375,1054,1050.44,2026-01-03 03:06:11.990606,Safaricom Airtime,Airtime
376,1045,125.4,2026-01-03 05:11:11.990606,Carrefour,Shopping
377,1142,1570.0,2026-01-03 08:04:11.990606,KenGen Electricity,Utilities
378,1147,1026.8,2026-01-03 08:25:11.990606,Shell Petrol,Fuel
379,1187,1448.45,2026-01-03 09:59:11.990606,KenGen Electricity,Utilities
380,1036,4179.8,2026-01-03 11:25:11.990606,Kilimall,Shopping
381,1011,6901.92,2026-01-03 12:54:11.990606,Naivas Supermarket,
382,1034,569.6,2026-01-03 16:17:11.990606,Glovo Food,Food
383,1153,62.98,2026-01-03 17:00:11.990606,Carrefour,Shopping
384,1140,327.57,2026-01-03 17:30:11.990606,Shell Petrol,Fuel
385,1015,596.33,2026-01-03 18:22:11.990606,KenGen Electricity,Utilities
386,1128,37.08,2026-01-03 18:47:11.990606,Mama Ngina Groceries,Groceries
387,1050,224.95,2026-01-03 20:28:11.990606,Shell Petrol,Fuel
388,1089,162.78,2026-01-03 21:43:11.990606,M-KOPA Solar,Energy
389,1022,410.02,2026-01-03 23:06:11.990606,Uber Kenya,
390,1105,483.42,2026-01-03 23:24:11.990606,Zuku Internet,Utilities
391,1194,418.75,2026-01-03 23:33:11.990606,Mama Ngina Groceries,
392,1113,1851.09,2026-01-03 23:44:11.990606,Nairobi Water,Utilities
393,1171,326.01,2026-01-04 00:23:11.990606,Shell Petrol,Fuel
394,1163,756.16,2026-01-04 01:28:11.990606,Mama Ngina Groceries,Groceries
395,1096,102.94,2026-01-04 03:22:11.990606,Glovo Food,Food
396,1151,246.06,2026-01-04 04:23:11.990606,Shell Petrol,Fuel
397,1144,2023.58,2026-01-04 05:10:11.990606,KenGen Electricity,Utilities
398,1054,235.3,2026-01-04 05:15:11.990606,Uber Kenya,
399,1024,862.73,2026-01-04 05:37:11.990606,Naivas Supermarket,Groceries
400,1163,391.58,2026-01-04 06:39:11.990606,Zuku Internet,Utilities
401,1081,22.69,2026-01-04 07:49:11.990606,Shell Petrol,Fuel
402,1130,5239.28,2026-01-04 07:56:11.990606,Zuku Internet,Utilities
403,1168,1520.95,2026-01-04 09:32:11.990606,Nairobi Water,Utilities
404,1009,21.57,2026-01-04 10:05:11.990606,Java House,
405,1167,172.4,2026-01-04 10:46:11.990606,Naivas Supermarket,Groceries
406,1117,1334.39,2026-01-04 10:55:11.990606,Kilimall,Shopping
407,1027,1019.65,2026-01-04 11:02:11.990606,Glovo Food,Food
408,1022,125.02,2026-01-04 13:09:11.990606,Shell Petrol,Fuel
409,1037,39.78,2026-01-04 16:18:11.990606,Nairobi Water,Utilities
410,1100,129.1,2026-01-04 16:22:11.990606,Uber Kenya,Transport
411,1106,395.79,2026-01-04 17:17:11.990606,Nairobi Water,Utilities
412,1062,576.77,2026-01-04 17:34:11.990606,Jumia,Shopping
413,1085,217.43,2026-01-04 18:13:11.990606,Kilimall,Shopping
414,1024,10.0,2026-01-04 18:43:11.990606,Shell Petrol,Fuel
415,1148,320.2,2026-01-04 22:17:11.990606,Carrefour,Shopping
416,1151,196.09,2026-01-04 22:25:11.990606,Uber Kenya,
417,1190,10.15,2026-01-05 00:50:11.990606,Shell Petrol,
418,1028,674.28,2026-01-05 02:11:11.990606,Zuku Internet,Utilities
419,1056,69.29,2026-01-05 04:50:11.990606,KenGen Electricity,Utilities
420,1042,35.02,2026-01-05 05:56:11.990606,Nairobi Water,Utilities
421,1153,1503.65,2026-01-05 06:42:11.990606,KenGen Electricity,Utilities
422,1028,873.85,2026-01-05 06:45:11.990606,Naivas Supermarket,Groceries
423,1113,53.84,2026-01-05 06:49:11.990606,Carrefour,Shopping
424,1098,234.61,2026-01-05 07:19:11.990606,KenGen Electricity,
425,1067,1471.73,2026-01-05 07:50:11.990606,Jumia,Shopping
426,1093,287.86,2026-01-05 08:00:11.990606,M-KOPA Solar,Energy
427,1174,181.33,2026-01-05 08:06:11.990606,Java House,Food
428,1017,1880.38,2026-01-05 08:44:11.990606,Java House,
429,1153,283.01,2026-01-05 11:59:11.990606,Java House,Food
430,1062,812.55,2026-01-05 13:20:11.990606,Naivas Supermarket,Groceries
431,1145,1227.98,2026-01-05 13:21:11.990606,Shell Petrol,Fuel
432,1181,8455.19,2026-01-05 15:29:11.990606,KenGen Electricity,Utilities
433,1192,296.52,2026-01-05 15:43:11.990606,Naivas Supermarket,Groceries
434,1186,21.61,2026-01-05 15:46:11.990606,Uber Kenya,Transport
435,1029,195.77,2026-01-05 21:37:11.990606,Zuku Internet,Utilities
436,1059,131.37,2026-01-05 22:36:11.990606,Shell Petrol,
437,1059,131.37,2026-01-05 22:36:41.990606,Shell Petrol,Transport
438,1060,802.77,2026-01-05 22:57:11.990606,M-KOPA Solar,Energy
439,1090,431.45,2026-01-06 00:42:11.990606,Uber Kenya,Transport
440,1119,36.01,2026-01-06 01:21:11.990606,Nairobi Water,
441,1084,1390.4,2026-01-06 01:28:11.990606,Glovo Food,Food
442,1088,1482.93,2026-01-06 02:05:11.990606,Kilimall,Shopping
443,1093,3819.39,2026-01-06 02:35:11.990606,Glovo Food,Food
444,1144,109.63,2026-01-06 03:15:11.990606,Zuku Internet,Utilities
445,1189,498.48,2026-01-06 03:46:11.990606,Naivas Supermarket,Groceries
446,1025,4714.56,2026-01-06 03:48:11.990606,Mama Ngina Groceries,Groceries
447,1074,423.92,2026-01-06 05:00:11.990606,Jumia,Shopping
448,1118,385.61,2026-01-06 05:26:11.990606,Carrefour,Shopping
449,1027,245.33,2026-01-06 08:24:11.990606,KenGen Electricity,Utilities
450,1141,130.33,2026-01-06 08:25:11.990606,Zuku Internet,Utilities
451,1184,783.84,2026-01-06 09:10:11.990606,M-KOPA Solar,Energy
452,1056,632.88,2026-01-06 09:20:11.990606,Shell Petrol,Fuel
453,1045,236.32,2026-01-06 09:36:11.990606,Mama Ngina Groceries,Groceries
454,1188,922.05,2026-01-06 10:14:11.990606,Shell Petrol,Fuel
455,1093,41.07,2026-01-06 11:11:11.990606,Glovo Food,
456,1017,212.53,2026-01-06 12:53:11.990606,Glovo Food,Food
457,1005,77.55,2026-01-06 13:05:11.990606,Equity Bank,Banking
458,1058,44.31,2026-01-06 13:13:11.990606,Uber Kenya,
459,1130,380.08,2026-01-06 13:28:11.990606,Safaricom Airtime,
460,1032,649.83,2026-01-06 14:07:11.990606,Mama Ngina Groceries,
461,1129,877.52,2026-01-06 15:27:11.990606,Kilimall,Shopping
462,1113,16.74,2026-01-06 15:37:11.990606,Nairobi Water,Utilities
463,1041,903.84,2026-01-06 15:43:11.990606,Jumia,Shopping
464,1185,4455.33,2026-01-06 16:36:11.990606,Shell Petrol,Fuel
465,1145,2462.4,2026-01-06 16:44:11.990606,M-KOPA Solar,Energy
466,1003,918.55,2026-01-06 17:02:11.990606,Zuku Internet,Utilities
467,1117,149.75,2026-01-06 17:58:11.990606,Carrefour,Shopping
468,1017,1665.89,2026-01-06 18:48:11.990606,Mama Ngina Groceries,Groceries
469,1145,20694.63,2026-01-06 19:06:11.990606,Java House,Food
470,1075,158.22,2026-01-06 20:52:11.990606,Mama Ngina Groceries,Groceries
471,1086,2393.63,2026-01-06 21:08:11.990606,Glovo Food,Food
472,1065,612.26,2026-01-06 22:00:11.990606,Nairobi Water,Utilities
473,1166,349.72,2026-01-06 22:25:11.990606,Equity Bank,
474,1117,39.06,2026-01-06 23:10:11.990606,Equity Bank,
475,1128,10.0,2026-01-06 23:34:11.990606,Naivas Supermarket,Groceries
476,1122,256.07,2026-01-07 00:29:11.990606,Zuku Internet,Utilities
477,1121,500.11,2026-01-07 00:33:11.990606,Equity Bank,Banking
478,1033,217.35,2026-01-07 03:35:11.990606,Naivas Supermarket,
479,1004,1961.75,2026-01-07 04:27:11.990606,M-KOPA Solar,
480,1063,169.45,2026-01-07 05:28:11.990606,Carrefour,Shopping
481,1111,4211.62,2026-01-07 05:54:11.990606,Nairobi Water,Utilities
482,1053,68.04,2026-01-07 06:45:11.990606,KenGen Electricity,Utilities
483,1116,411.37,2026-01-07 06:48:11.990606,Nairobi Water,Utilities
484,1003,1632.17,2026-01-07 08:39:11.990606,Uber Kenya,Transport
485,1191,4335.3,2026-01-07 08:59:11.990606,Java House,
486,1014,654.41,2026-01-07 10:04:11.990606,Shell Petrol,Fuel
487,1180,1256.62,2026-01-07 10:25:11.990606,Jumia,Shopping
488,1159,254.25,2026-01-07 10:30:11.990606,Nairobi Water,
489,1120,1652.05,2026-01-07 11:15:11.990606,Naivas Supermarket,Groceries
490,1193,456.68,2026-01-07 15:35:11.990606,Safaricom Airtime,Airtime
491,1115,581.7,2026-01-07 16:11:11.990606,Nairobi Water,Utilities
492,1014,1346.37,2026-01-07 16:58:11.990606,Zuku Internet,
493,1121,1027.72,2026-01-07 18:37:11.990606,Kilimall,
494,1084,13.1,2026-01-07 20:28:11.990606,Kilimall,Shopping
495,1039,3169.93,2026-01-07 20:42:11.990606,Kilimall,Shopping
496,1061,1040.2,2026-01-07 20:49:11.990606,Glovo Food,Food
497,1148,620.46,2026-01-07 22:05:11.990606,Java House,Food
498,1195,5056.72,2026-01-07 22:51:11.990606,Shell Petrol,
499,1048,311.72,2026-01-07 23:30:11.990606,M-KOPA Solar,Energy
500,1191,461.01,2026-01-08 00:57:11.990606,KenGen Electricity,Utilities
501,1197,56.44,2026-01-08 01:36:11.990606,M-KOPA Solar,
502,1071,116.35,2026-01-08 01:48:11.990606,Mama Ngina Groceries,Groceries
503,1052,1344.4,2026-01-08 04:03:11.990606,Safaricom Airtime,Airtime
504,1033,102.22,2026-01-08 04:53:11.990606,Mama Ngina Groceries,Groceries
505,1180,116.43,2026-01-08 05:26:11.990606,Mama Ngina Groceries,
506,1145,1678.75,2026-01-08 05:32:11.990606,Safaricom Airtime,Airtime
507,1101,366.34,2026-01-08 06:18:11.990606,Carrefour,Shopping
508,1113,323.6,2026-01-08 06:51:11.990606,Nairobi Water,Utilities
509,1048,219.33,2026-01-08 07:14:11.990606,Glovo Food,Food
510,1048,219.33,2026-01-08 07:14:41.990606,Glovo Food,Utilities
511,1042,150.15,2026-01-08 07:34:11.990606,Kilimall,Shopping
512,1104,335.45,2026-01-08 09:01:11.990606,Jumia,Shopping
513,1137,6192.97,2026-01-08 10:29:11.990606,Glovo Food,Food
514,1050,3951.14,2026-01-08 10:33:11.990606,Mama Ngina Groceries,Groceries
515,1055,90.65,2026-01-08 12:09:11.990606,M-KOPA Solar,Energy
516,1030,40.26,2026-01-08 12:42:11.990606,Uber Kenya,
517,1172,3188.84,2026-01-08 13:21:11.990606,Java House,Food
518,1028,1607.53,2026-01-08 13:39:11.990606,Kilimall,Shopping
519,1027,1750.12,2026-01-08 14:58:11.990606,Kilimall,Shopping
520,1075,644.27,2026-01-08 16:59:11.990606,KenGen Electricity,Utilities
521,1081,33.49,2026-01-08 17:34:11.990606,Glovo Food,Food
522,1151,317.98,2026-01-08 20:38:11.990606,Mama Ngina Groceries,Groceries
523,1069,950.31,2026-01-08 21:07:11.990606,Kilimall,Shopping
524,1145,363.88,2026-01-08 22:06:11.990606,Nairobi Water,Utilities
525,1099,536.24,2026-01-08 23:56:11.990606,Uber Kenya,Transport
526,1191,430.48,2026-01-09 00:42:11.990606,Safaricom Airtime,
527,1178,268.84,2026-01-09 02:26:11.990606,Glovo Food,Food
528,1192,466.29,2026-01-09 03:53:11.990606,Glovo Food,
529,1002,107.63,2026-01-09 04:11:11.990606,Zuku Internet,Utilities
530,1073,1739.57,2026-01-09 05:21:11.990606,Uber Kenya,Transport
531,1092,107.7,2026-01-09 05:52:11.990606,Nairobi Water,
532,1140,501.4,2026-01-09 08:08:11.990606,Uber Kenya,Transport
533,1063,1235.56,2026-01-09 11:13:11.990606,Shell Petrol,Fuel
534,1008,61.84,2026-01-09 14:57:11.990606,Glovo Food,Food
535,1175,14542.31,2026-01-09 16:52:11.990606,Nairobi Water,Utilities
536,1161,506.26,2026-01-09 21:52:11.990606,Nairobi Water,Utilities
537,1138,62.96,2026-01-09 22:02:11.990606,Shell Petrol,Fuel
538,1063,1524.88,2026-01-09 22:25:11.990606,Glovo Food,Food
539,1017,772.54,2026-01-10 00:32:11.990606,Java House,Food
540,1062,833.67,2026-01-10 01:59:11.990606,Uber Kenya,Transport
541,1052,192.36,2026-01-10 02:03:11.990606,Zuku Internet,Utilities
542,1036,3633.98,2026-01-10 02:42:11.990606,Naivas Supermarket,Groceries
543,1065,791.17,2026-01-10 02:42:11.990606,Nairobi Water,Utilities
544,1131,391.57,2026-01-10 02:54:11.990606,Naivas Supermarket,Groceries
545,1101,302.97,2026-01-10 04:09:11.990606,Equity Bank,
546,1024,2908.57,2026-01-10 08:07:11.990606,KenGen Electricity,Utilities
547,1141,5298.34,2026-01-10 09:02:11.990606,Carrefour,Shopping
548,1004,4243.16,2026-01-10 10:08:11.990606,Mama Ngina Groceries,Groceries
549,1162,237.89,2026-01-10 12:34:11.990606,Zuku Internet,Utilities
550,1143,1936.43,2026-01-10 17:13:11.990606,Carrefour,Shopping
551,1053,1004.43,2026-01-10 17:55:11.990606,Uber Kenya,Transport
552,1081,2843.45,2026-01-10 18:06:11.990606,KenGen Electricity,Utilities
553,1179,2196.18,2026-01-10 18:54:11.990606,Zuku Internet,Utilities
554,1133,36.72,2026-01-10 23:39:11.990606,Uber Kenya,Transport
555,1047,648.49,2026-01-11 00:42:11.990606,Naivas Supermarket,Groceries
556,1068,1394.78,2026-01-11 01:48:11.990606,Mama Ngina Groceries,Groceries
557,1118,704.82,2026-01-11 01:51:11.990606,Nairobi Water,Utilities
558,1192,158.97,2026-01-11 02:30:11.990606,Nairobi Water,Utilities
559,1008,573.18,2026-01-11 04:05:11.990606,Jumia,Shopping
560,1126,974.87,2026-01-11 04:30:11.990606,Equity Bank,Banking
561,1058,82.34,2026-01-11 05:38:11.990606,Safaricom Airtime,
562,1189,1055.06,2026-01-11 06:11:11.990606,Uber Kenya,Transport
563,1170,738.15,2026-01-11 06:21:11.990606,Equity Bank,Banking
564,1089,1514.58,2026-01-11 07:36:11.990606,Java House,Food
565,1191,10237.65,2026-01-11 07:50:11.990606,M-KOPA Solar,Energy
566,1076,1782.07,2026-01-11 08:27:11.990606,Uber Kenya,Transport
567,1190,127.0,2026-01-11 09:00:11.990606,M-KOPA Solar,Energy
568,1166,755.45,2026-01-11 09:49:11.990606,Carrefour,
569,1074,9135.46,2026-01-11 11:49:11.990606,Zuku Internet,Utilities
570,1188,65.13,2026-01-11 14:46:11.990606,Jumia,Shopping
571,1137,76.63,2026-01-11 15:22:11.990606,Kilimall,Shopping
572,1027,151.01,2026-01-11 15:27:11.990606,KenGen Electricity,
573,1086,213.57,2026-01-11 17:29:11.990606,Zuku Internet,Utilities
574,1103,31.82,2026-01-11 20:50:11.990606,Equity Bank,Banking
575,1047,128.95,2026-01-11 22:18:11.990606,Naivas Supermarket,Groceries
576,1149,177.57,2026-01-11 23:33:11.990606,M-KOPA Solar,Energy
577,1111,2522.47,2026-01-12 02:20:11.990606,Java House,Food
578,1053,1672.82,2026-01-12 02:39:11.990606,Equity Bank,Banking
579,1158,847.13,2026-01-12 03:37:11.990606,Carrefour,
580,1152,1284.11,2026-01-12 04:09:11.990606,Safaricom Airtime,Airtime
581,1026,62.68,2026-01-12 05:20:11.990606,Equity Bank,
582,1152,205.1,2026-01-12 05:43:11.990606,Jumia,Shopping
583,1096,3691.47,2026-01-12 06:35:11.990606,Uber Kenya,Transport
584,1124,8094.79,2026-01-12 07:14:11.990606,Kilimall,Shopping
585,1100,267.17,2026-01-12 07:45:11.990606,Carrefour,Shopping
586,1155,883.74,2026-01-12 08:43:11.990606,Java House,Food
587,1053,3041.54,2026-01-12 09:33:11.990606,Mama Ngina Groceries,Groceries
588,1083,343.07,2026-01-12 09:54:11.990606,Safaricom Airtime,Airtime
589,1109,1623.19,2026-01-12 11:00:11.990606,Nairobi Water,Utilities
590,1100,613.11,2026-01-12 11:21:11.990606,Safaricom Airtime,Airtime
591,1177,5087.47,2026-01-12 12:25:11.990606,Safaricom Airtime,
592,1170,528.02,2026-01-12 13:13:11.990606,M-KOPA Solar,Energy
593,1095,283.39,2026-01-12 13:26:11.990606,Naivas Supermarket,Groceries
594,1078,282.08,2026-01-12 14:13:11.990606,Uber Kenya,Transport
595,1039,45.01,2026-01-12 14:25:11.990606,KenGen Electricity,Utilities
596,1157,4236.07,2026-01-12 14:26:11.990606,Nairobi Water,Utilities
597,1149,231.42,2026-01-12 15:09:11.990606,KenGen Electricity,Utilities
598,1124,3577.4,2026-01-12 17:38:11.990606,Nairobi Water,Utilities
599,1037,471.17,2026-01-12 17:48:11.990606,Kilimall,Shopping
600,1127,928.98,2026-01-12 19:15:11.990606,Safaricom Airtime,Airtime
601,1113,4587.78,2026-01-12 20:51:11.990606,Java House,Food
602,1040,11917.91,2026-01-12 22:07:11.990606,Jumia,Shopping
603,1136,157.41,2026-01-12 22:23:11.990606,Glovo Food,Food
604,1001,82.48,2026-01-12 22:27:11.990606,Mama Ngina Groceries,
605,1092,433.29,2026-01-12 23:14:11.990606,Shell Petrol,Fuel
606,1098,25365.44,2026-01-13 00:46:11.990606,Mama Ngina Groceries,Groceries
607,1101,48.52,2026-01-13 01:09:11.990606,KenGen Electricity,Utilities
608,1193,134.36,2026-01-13 03:03:11.990606,Carrefour,Shopping
609,1111,2419.4,2026-01-13 03:23:11.990606,Zuku Internet,Utilities
610,1055,794.15,2026-01-13 03:27:11.990606,Java House,
611,1179,14084.62,2026-01-13 03:28:11.990606,Uber Kenya,
612,1053,29.39,2026-01-13 03:42:11.990606,Mama Ngina Groceries,Groceries
613,1172,1423.38,2026-01-13 04:10:11.990606,Uber Kenya,Transport
614,1028,52.56,2026-01-13 04:52:11.990606,Glovo Food,
615,1115,10.51,2026-01-13 05:26:11.990606,Safaricom Airtime,Airtime
616,1044,1189.35,2026-01-13 05:33:11.990606,Glovo Food,Food
617,1009,25.12,2026-01-13 06:14:11.990606,KenGen Electricity,Utilities
618,1142,11721.66,2026-01-13 07:05:11.990606,Zuku Internet,
619,1134,16351.55,2026-01-13 09:28:11.990606,Kilimall,Shopping
620,1079,870.67,2026-01-13 10:01:11.990606,Mama Ngina Groceries,Groceries
621,1145,521.37,2026-01-13 10:21:11.990606,KenGen Electricity,Utilities
622,1091,891.13,2026-01-13 12:39:11.990606,Carrefour,Shopping
623,1135,3280.49,2026-01-13 12:57:11.990606,Uber Kenya,Transport
624,1055,483.16,2026-01-13 12:57:11.990606,Shell Petrol,Fuel
625,1181,1741.11,2026-01-13 14:31:11.990606,Glovo Food,Food
626,1062,1871.9,2026-01-13 16:15:11.990606,Naivas Supermarket,Groceries
627,1049,32.22,2026-01-13 17:51:11.990606,Glovo Food,Food
628,1172,487.94,2026-01-13 18:34:11.990606,Glovo Food,Food
629,1126,759.77,2026-01-13 19:55:11.990606,Shell Petrol,Fuel
630,1181,121.59,2026-01-13 20:57:11.990606,Carrefour,Shopping
631,1098,203.27,2026-01-13 22:00:11.990606,Safaricom Airtime,Airtime
632,1117,2183.14,2026-01-14 00:28:11.990606,Zuku Internet,Utilities
633,1200,570.44,2026-01-14 02:20:11.990606,Kilimall,
634,1049,354.01,2026-01-14 07:03:11.990606,Kilimall,Shopping
635,1092,504.47,2026-01-14 07:35:11.990606,Glovo Food,Food
636,1065,34.17,2026-01-14 07:37:11.990606,Carrefour,Shopping
637,1191,948.32,2026-01-14 07:50:11.990606,Nairobi Water,
638,1034,1510.88,2026-01-14 09:24:11.990606,Shell Petrol,Fuel
639,1120,1729.26,2026-01-14 12:49:11.990606,Mama Ngina Groceries,Groceries
640,1102,541.45,2026-01-14 14:01:11.990606,Shell Petrol,Fuel
641,1158,4574.27,2026-01-14 14:14:11.990606,Uber Kenya,
642,1058,469.96,2026-01-14 16:06:11.990606,Mama Ngina Groceries,Groceries
643,1197,42.53,2026-01-14 16:44:11.990606,Equity Bank,
644,1149,1174.28,2026-01-14 18:34:11.990606,Safaricom Airtime,Airtime
645,1065,32.49,2026-01-14 19:17:11.990606,KenGen Electricity,Utilities
646,1056,72.73,2026-01-14 20:49:11.990606,Equity Bank,
647,1029,46.97,2026-01-14 22:04:11.990606,Safaricom Airtime,Airtime
648,1028,1373.76,2026-01-14 22:10:11.990606,Carrefour,Shopping
649,1168,707.6,2026-01-14 23:08:11.990606,Jumia,Shopping
650,1115,673.47,2026-01-14 23:59:11.990606,Glovo Food,Food
651,1069,1173.13,2026-01-15 01:05:11.990606,Carrefour,Shopping
652,1066,173.18,2026-01-15 01:06:11.990606,Java House,Food
653,1006,136.56,2026-01-15 01:44:11.990606,Jumia,Shopping
654,1113,665.45,2026-01-15 02:18:11.990606,KenGen Electricity,Utilities
655,1001,499.23,2026-01-15 02:51:11.990606,Zuku Internet,Utilities
656,1090,12270.8,2026-01-15 03:30:11.990606,KenGen Electricity,Utilities
657,1054,592.44,2026-01-15 04:06:11.990606,KenGen Electricity,Utilities
658,1023,683.57,2026-01-15 05:51:11.990606,KenGen Electricity,Utilities
659,1080,335.06,2026-01-15 06:44:11.990606,KenGen Electricity,Utilities
660,1008,2224.43,2026-01-15 09:44:11.990606,Jumia,Shopping
661,1021,292.89,2026-01-15 11:16:11.990606,Java House,Food
662,1148,75.29,2026-01-15 12:55:11.990606,Safaricom Airtime,Airtime
663,1190,162.94,2026-01-15 13:15:11.990606,Carrefour,
664,1022,608.51,2026-01-15 15:10:11.990606,Naivas Supermarket,Groceries
665,1014,34.0,2026-01-15 15:52:11.990606,Uber Kenya,Transport
666,1108,417.78,2026-01-15 16:01:11.990606,Uber Kenya,Transport
667,1195,337.82,2026-01-15 17:20:11.990606,Mama Ngina Groceries,Groceries
668,1132,1210.17,2026-01-15 18:23:11.990606,KenGen Electricity,Utilities
669,1136,24.73,2026-01-15 18:42:11.990606,KenGen Electricity,Utilities
670,1180,1053.93,2026-01-15 22:17:11.990606,M-KOPA Solar,Energy
671,1131,1125.45,2026-01-15 22:56:11.990606,Zuku Internet,Utilities
672,1112,763.56,2026-01-15 23:28:11.990606,Nairobi Water,Utilities
673,1058,2310.52,2026-01-16 00:14:11.990606,M-KOPA Solar,Energy
674,1187,771.6,2026-01-16 00:20:11.990606,Zuku Internet,Utilities
675,1134,607.93,2026-01-16 02:55:11.990606,M-KOPA Solar,Energy
676,1178,333.98,2026-01-16 06:04:11.990606,Uber Kenya,
677,1192,401.61,2026-01-16 06:29:11.990606,Glovo Food,Food
678,1088,13.24,2026-01-16 08:20:11.990606,Equity Bank,
679,1144,2434.92,2026-01-16 10:12:11.990606,Equity Bank,Banking
680,1111,80.89,2026-01-16 10:27:11.990606,M-KOPA Solar,Energy
681,1039,2100.35,2026-01-16 10:27:11.990606,Mama Ngina Groceries,Groceries
682,1012,3048.55,2026-01-16 11:42:11.990606,Carrefour,Shopping
683,1093,2553.56,2026-01-16 11:47:11.990606,Java House,Food
684,1184,646.33,2026-01-16 11:55:11.990606,KenGen Electricity,
685,1136,108.5,2026-01-16 11:58:11.990606,Uber Kenya,
686,1056,870.22,2026-01-16 13:26:11.990606,M-KOPA Solar,Energy
687,1145,1231.59,2026-01-16 15:16:11.990606,Mama Ngina Groceries,Groceries
688,1116,54.65,2026-01-16 15:34:11.990606,Mama Ngina Groceries,Groceries
689,1133,143.97,2026-01-16 15:41:11.990606,Zuku Internet,
690,1179,140.39,2026-01-16 16:49:11.990606,Mama Ngina Groceries,Groceries
691,1082,1366.41,2026-01-16 17:03:11.990606,Equity Bank,Banking
692,1051,397.35,2026-01-16 18:39:11.990606,Nairobi Water,Utilities
693,1054,870.36,2026-01-16 19:52:11.990606,M-KOPA Solar,Energy
694,1128,52.22,2026-01-16 20:30:11.990606,Zuku Internet,Utilities
695,1030,216.2,2026-01-16 22:41:11.990606,Zuku Internet,Utilities
696,1159,443.52,2026-01-16 23:22:11.990606,Glovo Food,
697,1146,182.04,2026-01-16 23:49:11.990606,KenGen Electricity,Utilities
698,1145,1279.84,2026-01-17 03:23:11.990606,Shell Petrol,Fuel
699,1016,845.62,2026-01-17 06:09:11.990606,Nairobi Water,Utilities
700,1090,13980.94,2026-01-17 06:12:11.990606,Carrefour,Shopping
701,1183,266.78,2026-01-17 07:00:11.990606,Shell Petrol,Fuel
702,1034,612.47,2026-01-17 08:46:11.990606,Uber Kenya,Transport
703,1061,137.52,2026-01-17 09:52:11.990606,Nairobi Water,
704,1036,158.05,2026-01-17 09:56:11.990606,Carrefour,Shopping
705,1101,508.45,2026-01-17 10:17:11.990606,KenGen Electricity,Utilities
706,1146,1413.88,2026-01-17 11:00:11.990606,Nairobi Water,Utilities
707,1027,2677.75,2026-01-17 12:03:11.990606,Java House,Food
708,1122,1211.32,2026-01-17 12:26:11.990606,Equity Bank,Banking
709,1069,134.82,2026-01-17 13:46:11.990606,Naivas Supermarket,Groceries
710,1019,1331.84,2026-01-17 13:50:11.990606,KenGen Electricity,
711,1081,460.15,2026-01-17 16:49:11.990606,Java House,Food
712,1090,72.4,2026-01-17 18:28:11.990606,Nairobi Water,Utilities
713,1167,850.6,2026-01-17 19:37:11.990606,Mama Ngina Groceries,
714,1172,567.3,2026-01-17 19:52:11.990606,Carrefour,Shopping
715,1090,325.29,2026-01-17 20:32:11.990606,Java House,Food
716,1112,23.18,2026-01-17 20:50:11.990606,Uber Kenya,Transport
717,1155,15.67,2026-01-18 00:39:11.990606,Naivas Supermarket,Groceries
718,1002,1018.5,2026-01-18 01:29:11.990606,Jumia,Shopping
719,1096,13.36,2026-01-18 01:45:11.990606,Carrefour,
720,1039,517.82,2026-01-18 01:57:11.990606,Equity Bank,Banking
721,1083,221.96,2026-01-18 02:36:11.990606,Java House,Food
722,1012,327.26,2026-01-18 03:05:11.990606,Jumia,Shopping
723,1013,81.59,2026-01-18 04:37:11.990606,KenGen Electricity,Utilities
724,1008,7529.26,2026-01-18 05:43:11.990606,Kilimall,Shopping
725,1199,1351.0,2026-01-18 05:55:11.990606,Mama Ngina Groceries,Groceries
726,1161,6109.12,2026-01-18 06:11:11.990606,Uber Kenya,Transport
727,1070,82.44,2026-01-18 06:14:11.990606,Carrefour,Shopping
728,1196,316.58,2026-01-18 06:19:11.990606,Carrefour,Shopping
729,1054,18884.31,2026-01-18 07:09:11.990606,Mama Ngina Groceries,Groceries
730,1115,479.49,2026-01-18 07:19:11.990606,Zuku Internet,Utilities
731,1150,1404.91,2026-01-18 07:23:11.990606,Nairobi Water,Utilities
732,1132,464.64,2026-01-18 08:40:11.990606,Shell Petrol,Fuel
733,1072,143.22,2026-01-18 10:06:11.990606,KenGen Electricity,Utilities
734,1192,146.35,2026-01-18 11:09:11.990606,Safaricom Airtime,Airtime
735,1115,31.26,2026-01-18 11:56:11.990606,Safaricom Airtime,Airtime
736,1173,1246.2,2026-01-18 12:29:11.990606,Zuku Internet,Utilities
737,1105,205.38,2026-01-18 12:30:11.990606,Carrefour,Shopping
738,1116,2824.56,2026-01-18 12:54:11.990606,KenGen Electricity,Utilities
739,1066,340.53,2026-01-18 14:59:11.990606,Naivas Supermarket,
740,1177,197.05,2026-01-18 15:47:11.990606,Carrefour,Shopping
741,1107,401.86,2026-01-18 16:29:11.990606,Naivas Supermarket,Groceries
742,1096,33500.62,2026-01-18 21:48:11.990606,Java House,Food
743,1151,1108.04,2026-01-18 21:53:11.990606,Glovo Food,Food
744,1012,1016.71,2026-01-18 22:22:11.990606,M-KOPA Solar,Energy
745,1176,279.33,2026-01-18 23:31:11.990606,Uber Kenya,Transport
746,1172,12.31,2026-01-19 00:12:11.990606,Java House,Food
747,1004,31.09,2026-01-19 00:12:11.990606,Uber Kenya,
748,1106,128.59,2026-01-19 04:53:11.990606,Glovo Food,
749,1147,492.46,2026-01-19 05:23:11.990606,Carrefour,Shopping
750,1190,356.82,2026-01-19 05:54:11.990606,Uber Kenya,
751,1144,629.35,2026-01-19 06:14:11.990606,Glovo Food,Food
752,1075,296.08,2026-01-19 06:50:11.990606,Safaricom Airtime,
753,1195,584.79,2026-01-19 07:44:11.990606,KenGen Electricity,Utilities
754,1113,38.71,2026-01-19 09:21:11.990606,Uber Kenya,Transport
755,1109,67.63,2026-01-19 11:59:11.990606,Glovo Food,Food
756,1185,111.37,2026-01-19 12:02:11.990606,Java House,Food
757,1047,708.31,2026-01-19 12:55:11.990606,Mama Ngina Groceries,Groceries
758,1062,278.37,2026-01-19 13:51:11.990606,Carrefour,Shopping
759,1015,7910.83,2026-01-19 13:55:11.990606,Zuku Internet,Utilities
760,1048,298.51,2026-01-19 15:11:11.990606,Nairobi Water,Utilities
761,1197,630.86,2026-01-19 15:47:11.990606,KenGen Electricity,Utilities
762,1170,508.57,2026-01-19 16:18:11.990606,Glovo Food,Food
763,1185,24.48,2026-01-19 17:50:11.990606,KenGen Electricity,Utilities
764,1180,7936.32,2026-01-19 18:09:11.990606,Jumia,Shopping
765,1034,406.99,2026-01-19 18:36:11.990606,M-KOPA Solar,Energy
766,1135,257.34,2026-01-19 20:34:11.990606,KenGen Electricity,Utilities
767,1155,137.83,2026-01-19 20:45:11.990606,Java House,Food
768,1101,105.55,2026-01-19 20:45:11.990606,Naivas Supermarket,Groceries
769,1099,1354.42,2026-01-19 21:27:11.990606,Safaricom Airtime,
770,1013,635.66,2026-01-19 22:30:11.990606,Safaricom Airtime,Airtime
771,1160,363.77,2026-01-19 23:32:11.990606,Zuku Internet,Utilities
772,1148,570.05,2026-01-20 00:18:11.990606,Shell Petrol,Fuel
773,1057,188.48,2026-01-20 01:19:11.990606,Jumia,Shopping
774,1005,137.35,2026-01-20 01:46:11.990606,M-KOPA Solar,Energy
775,1038,1582.98,2026-01-20 02:26:11.990606,Carrefour,Shopping
776,1109,1307.73,2026-01-20 02:45:11.990606,Zuku Internet,Utilities
777,1166,10.0,2026-01-20 04:40:11.990606,Naivas Supermarket,Groceries
778,1098,3146.86,2026-01-20 04:49:11.990606,Kilimall,Shopping
779,1137,1133.72,2026-01-20 05:16:11.990606,Uber Kenya,Transport
780,1094,43.37,2026-01-20 05:27:11.990606,Equity Bank,
781,1028,116.4,2026-01-20 06:05:11.990606,Nairobi Water,Utilities
782,1005,110.82,2026-01-20 07:42:11.990606,Java House,Food
783,1044,108.75,2026-01-20 07:43:11.990606,Kilimall,Shopping
784,1157,190.77,2026-01-20 08:42:11.990606,Zuku Internet,Utilities
785,1140,1019.47,2026-01-20 09:30:11.990606,Safaricom Airtime,Airtime
786,1035,152.48,2026-01-20 11:09:11.990606,Kilimall,Shopping
787,1056,111.25,2026-01-20 11:11:11.990606,Jumia,Shopping
788,1144,2240.82,2026-01-20 13:55:11.990606,Mama Ngina Groceries,Groceries
789,1189,729.41,2026-01-20 14:40:11.990606,Carrefour,Shopping
790,1174,198.1,2026-01-20 14:47:11.990606,Uber Kenya,
791,1113,136.84,2026-01-20 15:01:11.990606,Java House,Food
792,1118,1453.44,2026-01-20 17:57:11.990606,Shell Petrol,
793,1019,248.38,2026-01-20 17:59:11.990606,Java House,Food
794,1050,2391.27,2026-01-20 18:32:11.990606,Shell Petrol,Fuel
795,1152,3046.61,2026-01-20 18:42:11.990606,Equity Bank,
796,1170,16.31,2026-01-20 18:57:11.990606,M-KOPA Solar,
797,1190,1032.69,2026-01-20 19:12:11.990606,Zuku Internet,Utilities
798,1034,3218.48,2026-01-20 19:47:11.990606,Carrefour,Shopping
799,1164,143.12,2026-01-20 20:40:11.990606,Equity Bank,Banking
800,1171,16.67,2026-01-20 20:48:11.990606,Kilimall,Shopping
801,1097,345.13,2026-01-20 21:25:11.990606,Shell Petrol,Fuel
802,1127,50.5,2026-01-20 22:25:11.990606,Equity Bank,
803,1182,139.26,2026-01-21 02:03:11.990606,Shell Petrol,Fuel
804,1039,91.22,2026-01-21 02:41:11.990606,Naivas Supermarket,Groceries
805,1023,831.65,2026-01-21 04:12:11.990606,Java House,Food
806,1194,379.01,2026-01-21 06:34:11.990606,Safaricom Airtime,Airtime
807,1152,360.77,2026-01-21 08:19:11.990606,Nairobi Water,
808,1046,759.03,2026-01-21 12:31:11.990606,Mama Ngina Groceries,Groceries
809,1068,175.42,2026-01-21 13:46:11.990606,Uber Kenya,Transport
810,1039,16.79,2026-01-21 15:54:11.990606,Uber Kenya,Transport
811,1160,180.98,2026-01-21 17:25:11.990606,Uber Kenya,Transport
812,1091,801.36,2026-01-21 18:50:11.990606,Jumia,Shopping
813,1043,278.0,2026-01-21 18:55:11.990606,Glovo Food,Food
814,1132,137.65,2026-01-21 19:15:11.990606,Nairobi Water,Utilities
815,1046,176.1,2026-01-21 20:38:11.990606,Mama Ngina Groceries,Groceries
816,1095,43.8,2026-01-21 20:39:11.990606,Carrefour,Shopping
817,1109,2338.75,2026-01-21 21:49:11.990606,Java House,Food
818,1178,122.07,2026-01-21 22:20:11.990606,Jumia,Shopping
819,1128,83.66,2026-01-21 23:31:11.990606,Glovo Food,Food
820,1033,36.3,2026-01-22 02:11:11.990606,Mama Ngina Groceries,Groceries
821,1147,4956.32,2026-01-22 05:16:11.990606,Zuku Internet,Utilities
822,1103,849.69,2026-01-22 05:29:11.990606,Naivas Supermarket,Groceries
823,1118,188.45,2026-01-22 06:12:11.990606,Jumia,Shopping
824,1099,786.02,2026-01-22 06:50:11.990606,Shell Petrol,Fuel
825,1187,122.55,2026-01-22 08:18:11.990606,Naivas Supermarket,Groceries
826,1070,88.6,2026-01-22 08:23:11.990606,Jumia,Shopping
827,1092,358.3,2026-01-22 08:34:11.990606,Carrefour,Shopping
828,1164,303.8,2026-01-22 08:43:11.990606,Zuku Internet,
829,1082,99.44,2026-01-22 09:39:11.990606,Jumia,Shopping
830,1009,58.17,2026-01-22 09:49:11.990606,Shell Petrol,Fuel
831,1159,519.93,2026-01-22 09:53:11.990606,Safaricom Airtime,Airtime
832,1183,173.81,2026-01-22 10:20:11.990606,Nairobi Water,Utilities
833,1136,182.55,2026-01-22 10:37:11.990606,Safaricom Airtime,Airtime
834,1086,439.96,2026-01-22 11:44:11.990606,Java House,Food
835,1151,284.48,2026-01-22 13:30:11.990606,Carrefour,Shopping
836,1095,1585.35,2026-01-22 15:07:11.990606,Naivas Supermarket,Groceries
837,1099,524.86,2026-01-22 16:30:11.990606,Kilimall,
838,1164,908.23,2026-01-22 17:39:11.990606,Kilimall,
839,1147,523.76,2026-01-22 18:16:11.990606,KenGen Electricity,Utilities
840,1166,67.24,2026-01-22 19:27:11.990606,Safaricom Airtime,Airtime
841,1134,107.47,2026-01-22 23:06:11.990606,Naivas Supermarket,Groceries
842,1107,566.23,2026-01-23 02:35:11.990606,KenGen Electricity,Utilities
843,1137,786.9,2026-01-23 03:07:11.990606,Safaricom Airtime,Airtime
844,1028,144.97,2026-01-23 04:29:11.990606,Java House,Food
845,1016,39.83,2026-01-23 05:32:11.990606,Kilimall,Shopping
846,1177,220.73,2026-01-23 05:41:11.990606,Mama Ngina Groceries,Groceries
847,1026,289.51,2026-01-23 05:43:11.990606,M-KOPA Solar,Energy
848,1138,1335.02,2026-01-23 06:19:11.990606,KenGen Electricity,Utilities
849,1163,191.89,2026-01-23 06:37:11.990606,Naivas Supermarket,Groceries
850,1128,19092.65,2026-01-23 09:28:11.990606,Equity Bank,Banking
851,1104,5959.53,2026-01-23 10:02:11.990606,Zuku Internet,Utilities
852,1123,213.51,2026-01-23 10:25:11.990606,Naivas Supermarket,Groceries
853,1036,180.35,2026-01-23 10:57:11.990606,M-KOPA Solar,Energy
854,1032,54.77,2026-01-23 12:41:11.990606,Naivas Supermarket,Groceries
855,1049,125.15,2026-01-23 13:25:11.990606,Zuku Internet,Utilities
856,1097,215.28,2026-01-23 15:27:11.990606,Mama Ngina Groceries,
857,1196,3317.0,2026-01-23 17:04:11.990606,Java House,Food
858,1112,2770.55,2026-01-23 17:22:11.990606,Shell Petrol,Fuel
859,1130,93.32,2026-01-23 17:39:11.990606,Glovo Food,
860,1039,310.01,2026-01-23 18:52:11.990606,Uber Kenya,
861,1025,745.55,2026-01-23 22:06:11.990606,M-KOPA Solar,Energy
862,1180,197.69,2026-01-24 01:42:11.990606,Nairobi Water,Utilities
863,1122,267.46,2026-01-24 02:48:11.990606,Shell Petrol,
864,1005,64.98,2026-01-24 05:04:11.990606,Carrefour,Shopping
865,1061,372.68,2026-01-24 05:37:11.990606,Naivas Supermarket,
866,1128,76.14,2026-01-24 06:24:11.990606,Java House,Food
867,1147,2496.72,2026-01-24 06:30:11.990606,Nairobi Water,Utilities
868,1057,2130.03,2026-01-24 06:31:11.990606,Java House,Food
869,1020,1610.66,2026-01-24 08:48:11.990606,KenGen Electricity,Utilities
870,1061,275.72,2026-01-24 09:32:11.990606,M-KOPA Solar,Energy
871,1197,227.3,2026-01-24 09:39:11.990606,Mama Ngina Groceries,Groceries
872,1015,73.42,2026-01-24 09:41:11.990606,Uber Kenya,
873,1051,348.75,2026-01-24 10:10:11.990606,Kilimall,Shopping
874,1051,230.27,2026-01-24 10:26:11.990606,Java House,Food
875,1132,2495.1,2026-01-24 10:43:11.990606,Nairobi Water,Utilities
876,1008,3890.16,2026-01-24 11:20:11.990606,KenGen Electricity,Utilities
877,1096,348.89,2026-01-24 12:12:11.990606,Zuku Internet,Utilities
878,1182,105.29,2026-01-24 12:18:11.990606,KenGen Electricity,
879,1183,352.64,2026-01-24 15:26:11.990606,M-KOPA Solar,Energy
880,1117,234.92,2026-01-24 16:46:11.990606,KenGen Electricity,Utilities
881,1058,172.43,2026-01-24 17:18:11.990606,Glovo Food,Food
882,1186,15.87,2026-01-24 17:21:11.990606,Zuku Internet,
883,1041,1184.59,2026-01-24 19:04:11.990606,Zuku Internet,Utilities
884,1028,513.97,2026-01-24 20:11:11.990606,Java House,Food
885,1093,2651.28,2026-01-24 23:22:11.990606,Mama Ngina Groceries,Groceries
886,1144,188.38,2026-01-25 00:21:11.990606,Java House,Food
887,1013,221.77,2026-01-25 00:58:11.990606,Carrefour,Shopping
888,1044,1681.21,2026-01-25 01:25:11.990606,Shell Petrol,
889,1072,1063.03,2026-01-25 01:27:11.990606,Carrefour,Shopping
890,1043,138.32,2026-01-25 02:19:11.990606,Carrefour,Shopping
891,1118,34.91,2026-01-25 02:30:11.990606,Carrefour,
892,1133,165.8,2026-01-25 02:55:11.990606,Uber Kenya,Transport
893,1053,530.26,2026-01-25 07:13:11.990606,Nairobi Water,Utilities
894,1045,515.54,2026-01-25 09:33:11.990606,Mama Ngina Groceries,Groceries
895,1054,828.3,2026-01-25 09:46:11.990606,Shell Petrol,Fuel
896,1054,828.3,2026-01-25 09:46:41.990606,Shell Petrol,Energy
897,1129,1757.42,2026-01-25 10:51:11.990606,Safaricom Airtime,Airtime
898,1130,1051.88,2026-01-25 11:25:11.990606,Shell Petrol,Fuel
899,1061,55.17,2026-01-25 11:35:11.990606,Kilimall,Shopping
900,1122,421.86,2026-01-25 12:27:11.990606,Jumia,Shopping
901,1124,475.7,2026-01-25 12:45:11.990606,Carrefour,Shopping
902,1177,103.29,2026-01-25 13:30:11.990606,Carrefour,Shopping
903,1190,1469.9,2026-01-25 13:39:11.990606,Glovo Food,Food
904,1092,5759.28,2026-01-25 14:21:11.990606,Shell Petrol,Fuel
905,1135,1113.38,2026-01-25 15:08:11.990606,Naivas Supermarket,Groceries
906,1023,462.99,2026-01-25 17:30:11.990606,M-KOPA Solar,Energy
907,1190,1887.97,2026-01-25 19:45:11.990606,Carrefour,
908,1140,1026.42,2026-01-25 21:44:11.990606,Nairobi Water,Utilities
909,1059,1821.93,2026-01-25 21:55:11.990606,Jumia,Shopping
910,1199,1661.03,2026-01-25 23:21:11.990606,M-KOPA Solar,
911,1015,70.47,2026-01-26 00:27:11.990606,Glovo Food,Food
912,1187,89.93,2026-01-26 02:53:11.990606,Equity Bank,
913,1116,1001.49,2026-01-26 04:35:11.990606,Glovo Food,Food
914,1105,132.55,2026-01-26 07:53:11.990606,Carrefour,Shopping
915,1092,801.36,2026-01-26 08:15:11.990606,Nairobi Water,
916,1001,57.95,2026-01-26 10:15:11.990606,Equity Bank,Banking
917,1198,291.92,2026-01-26 12:11:11.990606,M-KOPA Solar,Energy
918,1194,1796.84,2026-01-26 13:06:11.990606,Kilimall,Shopping
919,1086,15440.85,2026-01-26 13:26:11.990606,Nairobi Water,Utilities
920,1126,13.26,2026-01-26 14:00:11.990606,Uber Kenya,Transport
921,1198,104.5,2026-01-26 14:28:11.990606,Equity Bank,Banking
922,1099,1091.82,2026-01-26 15:03:11.990606,Glovo Food,Food
923,1160,141.1,2026-01-26 15:50:11.990606,Jumia,Shopping
924,1094,173.38,2026-01-26 16:34:11.990606,Zuku Internet,Utilities
925,1019,518.09,2026-01-26 19:19:11.990606,Jumia,Shopping
926,1186,1683.18,2026-01-26 23:03:11.990606,M-KOPA Solar,Energy
927,1190,195.1,2026-01-26 23:30:11.990606,Zuku Internet,Utilities
928,1108,168.7,2026-01-26 23:45:11.990606,Carrefour,Shopping
929,1152,1238.89,2026-01-27 00:25:11.990606,Carrefour,Shopping
930,1001,588.37,2026-01-27 01:13:11.990606,Nairobi Water,Utilities
931,1060,1281.31,2026-01-27 04:01:11.990606,M-KOPA Solar,
932,1151,1753.54,2026-01-27 05:40:11.990606,Nairobi Water,Utilities
933,1194,713.42,2026-01-27 06:13:11.990606,Nairobi Water,Utilities
934,1004,434.23,2026-01-27 08:17:11.990606,Zuku Internet,Utilities
935,1014,373.29,2026-01-27 09:06:11.990606,Java House,Food
936,1118,1366.2,2026-01-27 09:09:11.990606,Glovo Food,Food
937,1047,1503.6,2026-01-27 10:27:11.990606,Kilimall,Shopping
938,1051,293.0,2026-01-27 10:59:11.990606,Naivas Supermarket,Groceries
939,1044,3752.29,2026-01-27 11:13:11.990606,Zuku Internet,Utilities
940,1104,674.97,2026-01-27 15:44:11.990606,Mama Ngina Groceries,Groceries
941,1133,1404.51,2026-01-27 17:29:11.990606,Safaricom Airtime,Airtime
942,1045,145.42,2026-01-27 17:35:11.990606,Kilimall,Shopping
943,1167,1988.92,2026-01-27 17:46:11.990606,Carrefour,Shopping
944,1042,1498.55,2026-01-27 19:29:11.990606,Carrefour,Shopping
945,1090,325.13,2026-01-27 22:18:11.990606,Java House,Food
946,1191,39.09,2026-01-27 22:34:11.990606,Kilimall,Shopping
947,1052,617.29,2026-01-27 23:22:11.990606,Jumia,Shopping
948,1099,177.79,2026-01-28 03:43:11.990606,Uber Kenya,Transport
949,1167,111.51,2026-01-28 04:56:11.990606,KenGen Electricity,Utilities
950,1111,272.34,2026-01-28 05:05:11.990606,Shell Petrol,Fuel
951,1154,28.25,2026-01-28 05:15:11.990606,Glovo Food,Food
952,1145,153.04,2026-01-28 07:07:11.990606,Glovo Food,
953,1021,303.74,2026-01-28 08:49:11.990606,Kilimall,Shopping
954,1073,961.94,2026-01-28 09:35:11.990606,Jumia,Shopping
955,1013,379.45,2026-01-28 09:47:11.990606,Equity Bank,Banking
956,1095,1744.5,2026-01-28 10:01:11.990606,Kilimall,Shopping
957,1008,379.04,2026-01-28 10:07:11.990606,Java House,Food
958,1096,5290.32,2026-01-28 12:10:11.990606,Nairobi Water,
959,1185,172.16,2026-01-28 14:24:11.990606,Mama Ngina Groceries,
960,1146,20.88,2026-01-28 19:59:11.990606,Equity Bank,Banking
961,1102,185.98,2026-01-28 21:14:11.990606,Safaricom Airtime,Airtime
962,1058,2105.87,2026-01-28 22:31:11.990606,Carrefour,Shopping
963,1144,46.72,2026-01-28 23:46:11.990606,KenGen Electricity,Utilities
964,1123,63.28,2026-01-29 00:40:11.990606,Glovo Food,Food
965,1015,111.8,2026-01-29 01:10:11.990606,Mama Ngina Groceries,Groceries
966,1186,2637.21,2026-01-29 07:43:11.990606,Kilimall,Shopping
967,1052,30.67,2026-01-29 08:00:11.990606,Shell Petrol,
968,1190,88.33,2026-01-29 08:55:11.990606,Safaricom Airtime,Airtime
969,1120,3086.98,2026-01-29 09:03:11.990606,Zuku Internet,Utilities
970,1155,178.96,2026-01-29 09:59:11.990606,Carrefour,
971,1014,1075.03,2026-01-29 12:45:11.990606,Carrefour,Shopping
972,1002,20435.93,2026-01-29 13:48:11.990606,Java House,
973,1062,157.44,2026-01-29 14:11:11.990606,Safaricom Airtime,Airtime
974,1086,540.38,2026-01-29 14:40:11.990606,Shell Petrol,Fuel
975,1145,26.24,2026-01-29 16:02:11.990606,Kilimall,
976,1165,49.59,2026-01-29 16:10:11.990606,Shell Petrol,Fuel
977,1131,943.42,2026-01-29 17:01:11.990606,Shell Petrol,Fuel
978,1107,2951.93,2026-01-29 19:00:11.990606,Glovo Food,Food
979,1069,2341.06,2026-01-29 20:18:11.990606,Kilimall,Shopping
980,1154,5422.56,2026-01-29 21:12:11.990606,M-KOPA Solar,Energy
981,1016,2869.75,2026-01-29 22:00:11.990606,Kilimall,Shopping
982,1074,254.51,2026-01-29 23:21:11.990606,KenGen Electricity,Utilities
983,1103,1645.56,2026-01-30 00:15:11.990606,Carrefour,Shopping
984,1100,501.6,2026-01-30 01:01:11.990606,Kilimall,Shopping
985,1012,819.42,2026-01-30 01:19:11.990606,Shell Petrol,Fuel
986,1068,10.0,2026-01-30 03:57:11.990606,Uber Kenya,Transport
987,1013,570.44,2026-01-30 04:39:11.990606,KenGen Electricity,Utilities
988,1079,1327.46,2026-01-30 06:20:11.990606,Glovo Food,Food
989,1058,23.61,2026-01-30 06:33:11.990606,Shell Petrol,
990,1147,374.39,2026-01-30 06:36:11.990606,Zuku Internet,
991,1125,237.0,2026-01-30 07:42:11.990606,Glovo Food,Food
992,1058,1269.5,2026-01-30 08:24:11.990606,Uber Kenya,Transport
993,1058,1269.5,2026-01-30 08:24:41.990606,Uber Kenya,Utilities
994,1007,1835.76,2026-01-30 08:29:11.990606,Nairobi Water,Utilities
995,1072,1421.72,2026-01-30 08:48:11.990606,KenGen Electricity,Utilities
996,1152,163.56,2026-01-30 10:29:11.990606,Carrefour,Shopping
997,1033,2733.85,2026-01-30 11:32:11.990606,Safaricom Airtime,Airtime
998,1175,156.92,2026-01-30 12:16:11.990606,Naivas Supermarket,Groceries
999,1053,353.73,2026-01-30 12:17:11.990606,Jumia,Shopping
1000,1108,443.83,2026-01-30 12:18:11.990606,Equity Bank,Banking
